{
  "$schema": "https://schema.management.azure.com/schemas/2019-04-01/deploymentTemplate.json#",
  "contentVersion": "1.0.0.0",
  "parameters": {
    "storageAccountNamePrefix": {
      "type": "string"
    },
    "storageAccountType": {
      "type": "string"
    },
    "location": {
      "type": "string",
      "defaultValue": "[resourceGroup().location]"
    }
  },
  "variables": {
    "storageAccountName": "[concat(parameters('storageAccountNamePrefix'), uniqueString(resourceGroup().id))]"
  },
  "resources": [
    {
      "type": "Microsoft.Storage/storageAccounts",
      "apiVersion": "2021-09-01",
      "name": "[variables('storageAccountName')]",
      "location": "[parameters('location')]",
      "sku": {
        "name": "[parameters('storageAccountType')]"
      },
      "kind": "FileStorage",
      "properties": {}
    }
  ],
  "outputs": {
    "storageEndpoint": {
      "type": "string",
      "value": "[reference(resourceId('Microsoft.Storage/storageAccounts/', variables('storageAccountName')), '2021-09-01').primaryEndpoints.blob]"
    }
  }
}
